{"cameraMode":{"drawMode":0,"name":"Shaded","section":"Shading Mode"},"sceneLighting":true,"audioPlay":false,"sceneViewState":{"m_AlwaysRefresh":false,"showFog":true,"showSkybox":true,"showFlares":true,"showImageEffects":true,"showParticleSystems":true,"showVisualEffectGraphs":true,"m_FxEnabled":true},"in2DMode":false,"pivot":{"x":1.490000605583191,"y":0.6118142008781433,"z":0.5099999904632568},"rotation":{"x":-0.0016971791628748179,"y":0.9718122482299805,"z":-0.2356552630662918,"w":-0.007000633981078863},"size":8.813520431518555,"orthographic":false}